INSERT INTO main.whitelist (id, label) VALUES (1, 'Master 1 TNAH 2018');
INSERT INTO main.whitelist (id, label) VALUES (2, 'Master 2 TNAH 2018');
INSERT INTO main.whitelist (id, label) VALUES (13, 'Liste 4');
INSERT INTO main.whitelist_has_user (whitelist_id, user_id) VALUES (1, 5);
INSERT INTO main.whitelist_has_user (whitelist_id, user_id) VALUES (1, 7);
INSERT INTO main.whitelist_has_user (whitelist_id, user_id) VALUES (2, 9);
INSERT INTO main.whitelist_has_user (whitelist_id, user_id) VALUES (2, 5);
INSERT INTO main.note_type (id, label) VALUES (0, 'TERM');
INSERT INTO main.commentary_type (id, label) VALUES (1, 'Diplomatique');
INSERT INTO main.commentary_type (id, label) VALUES (2, 'Historique');
INSERT INTO main.commentary_type (id, label) VALUES (3, 'Juridique');
INSERT INTO main.commentary_type (id, label) VALUES (4, 'Paléographique');
INSERT INTO main.commentary_type (id, label) VALUES (5, 'Philologique');
INSERT INTO main.commentary_type (id, label) VALUES (6, 'Sigillographique');
INSERT INTO main.image_zone_type (id, label) VALUES (1, 'transcription');
INSERT INTO main.image_zone_type (id, label) VALUES (2, 'annotation');
INSERT INTO main.editor (id, ref, name) VALUES (1, 'http://data.bnf.fr/ark:/12148/cb11906612z', 'Olivier Guyotjeannin');
INSERT INTO main.institution (id, ref, name) VALUES (1, 'http://data.bnf.fr/ark:/12148/cb12118141m', 'Archives départementales Haute-Vienne (France)');
INSERT INTO main.institution (id, ref, name) VALUES (2, 'http://data.bnf.fr/ark:/12148/cb11864291k', 'Archives départementales Hautes-Alpes (France)');
INSERT INTO main.institution (id, ref, name) VALUES (3, 'http://data.bnf.fr/ark:/12148/cb12006185c', 'Archives départementales Oise (France)');
INSERT INTO main.institution (id, ref, name) VALUES (4, 'http://data.bnf.fr/ark:/12148/cb11865380f', 'Archives départementales Pyrénées-Atlantiques (France)');
INSERT INTO main.institution (id, ref, name) VALUES (5, 'http://data.bnf.fr/ark:/12148/cb118653855', 'Archives départementales Pyrénées-Orientales (France)');
INSERT INTO main.institution (id, ref, name) VALUES (6, 'am_tarascon', 'Archives municipales Tarascon (France)');
INSERT INTO main.institution (id, ref, name) VALUES (7, 'http://data.bnf.fr/ark:/12148/cb11885523k', 'Archives municipales Valenciennes (France)');
INSERT INTO main.institution (id, ref, name) VALUES (8, 'http://data.bnf.fr/ark:/12148/cb11862272t', 'Archives nationales (France)');
INSERT INTO main.institution (id, ref, name) VALUES (9, 'http://data.bnf.fr/ark:/12148/cb12068304t', 'Biblioteca San Lorenzo (Florence, Italie)');
INSERT INTO main.institution (id, ref, name) VALUES (10, 'http://data.bnf.fr/ark:/12148/cb12381002j', 'Bibliothèque nationale de France');
INSERT INTO main.institution (id, ref, name) VALUES (11, 'http://data.bnf.fr/ark:/12148/cb118714563', 'British Library');
INSERT INTO main.institution (id, ref, name) VALUES (12, 'cp', 'Collection privée');
INSERT INTO main.institution (id, ref, name) VALUES (13, 'http://data.bnf.fr/ark:/12148/cb13197296q', 'Collection privée (« Cabinet B. Fillon à Fontenay-Vendée »)');
INSERT INTO main.institution (id, ref, name) VALUES (14, 'cp_bigne', 'Collection privée (« Mr de la Bigne »)');
INSERT INTO main.institution (id, ref, name) VALUES (15, 'cp_meyer', 'Collection privée (« Paul Meyer »)');
INSERT INTO main.language (code, label) VALUES ('fre', 'Français');
INSERT INTO main.language (code, label) VALUES ('lat', 'Latin');
INSERT INTO main.language (code, label) VALUES ('oci', 'Occitan');
INSERT INTO main.speech_part_type (id, lang_code, label, definition) VALUES (1, 'fre', 'adresse_universelle', null);
INSERT INTO main.speech_part_type (id, lang_code, label, definition) VALUES (2, 'fre', 'suscription', null);
INSERT INTO main.speech_part_type (id, lang_code, label, definition) VALUES (3, 'fre', 'salut', null);
INSERT INTO main.speech_part_type (id, lang_code, label, definition) VALUES (4, 'fre', 'notification_universelle', null);
INSERT INTO main.speech_part_type (id, lang_code, label, definition) VALUES (5, 'fre', 'corps', null);
INSERT INTO main.speech_part_type (id, lang_code, label, definition) VALUES (6, 'fre', 'clause', null);
INSERT INTO main.speech_part_type (id, lang_code, label, definition) VALUES (7, 'fre', 'clause_garantie', null);
INSERT INTO main.speech_part_type (id, lang_code, label, definition) VALUES (8, 'fre', 'clause_renonciation', null);
INSERT INTO main.speech_part_type (id, lang_code, label, definition) VALUES (9, 'fre', 'corroboration', null);
INSERT INTO main.speech_part_type (id, lang_code, label, definition) VALUES (10, 'fre', 'date_temps', null);
INSERT INTO main.tradition (id, label) VALUES ('cartulaire', 'Cartulaire');
INSERT INTO main.tradition (id, label) VALUES ('cp_authentique', 'Copie authentique');
INSERT INTO main.tradition (id, label) VALUES ('cp_figuree', 'Copie figurée');
INSERT INTO main.tradition (id, label) VALUES ('cp_informe', 'Copie informe');
INSERT INTO main.tradition (id, label) VALUES ('orig', 'Original');
INSERT INTO main.tradition (id, label) VALUES ('orig_multiple', 'Original multiple');
INSERT INTO main.tradition (id, label) VALUES ('chancellerie', 'Registre de chancellerie');
INSERT INTO main.country (id, ref, label) VALUES (1, 'http://www.geonames.org/3017382/republic-of-france.html', 'France');
INSERT INTO main.country (id, ref, label) VALUES (2, 'http://www.geonames.org/2510769/kingdom-of-spain.html', 'Espagne');
INSERT INTO main.country (id, ref, label) VALUES (3, 'http://www.geonames.org/2635167/united-kingdom-of-great-britain-and-northern-ireland.html', 'Angleterre');
INSERT INTO main.country (id, ref, label) VALUES (4, 'http://www.geonames.org/3077311/czechia.html', 'République tchèque');
INSERT INTO main.district (id, label, country_id) VALUES (1, 'Picardie', 1);
INSERT INTO main.district (id, label, country_id) VALUES (2, 'Ile-de-France', 1);
INSERT INTO main.district (id, label, country_id) VALUES (3, 'Midi-Pyrénées', 1);
INSERT INTO main.district (id, label, country_id) VALUES (4, 'Franche-Comté', 1);
INSERT INTO main.district (id, label, country_id) VALUES (5, 'Languedoc-Roussillon', 1);
INSERT INTO main.district (id, label, country_id) VALUES (6, 'Rhône-Alpes', 1);
INSERT INTO main.district (id, label, country_id) VALUES (7, 'Nord-Pas-de-Calais', 1);
INSERT INTO main.district (id, label, country_id) VALUES (8, 'Limousin', 1);
INSERT INTO main.district (id, label, country_id) VALUES (9, 'Aquitaine', 1);
INSERT INTO main.district (id, label, country_id) VALUES (10, 'Lorraine', 1);
INSERT INTO main.district (id, label, country_id) VALUES (11, 'Poitou-Charentes', 1);
INSERT INTO main.district (id, label, country_id) VALUES (12, 'Haute-Normandie', 1);
INSERT INTO main.district (id, label, country_id) VALUES (13, 'PACA', 1);
INSERT INTO main.district (id, label, country_id) VALUES (14, 'Pays de la Loire', 1);
INSERT INTO main.district (id, label, country_id) VALUES (15, 'Basse-Normandie', 1);
INSERT INTO main.district (id, label, country_id) VALUES (16, 'Islas Baleares', 2);
INSERT INTO main.district (id, label, country_id) VALUES (17, 'Bourgogne', 1);
INSERT INTO main.district (id, label, country_id) VALUES (18, 'Centre', 1);
INSERT INTO main.district (id, label, country_id) VALUES (19, 'Champagne-Ardenne', 1);
INSERT INTO main.district (id, label, country_id) VALUES (20, 'Galicia', 2);
INSERT INTO main.district (id, label, country_id) VALUES (21, 'Grand Londres', 3);
INSERT INTO main.district (id, label, country_id) VALUES (22, 'Normandie', 1);
INSERT INTO main.district (id, label, country_id) VALUES (23, 'Auvergne', 1);
INSERT INTO main.district (id, label, country_id) VALUES (24, 'Jihomoravský kraj [Moravie du sud]', 4);
INSERT INTO main.acte_type (id, label, description) VALUES (1, 'Abbé, maison religieuse', null);
INSERT INTO main.acte_type (id, label, description) VALUES (2, 'Actes privés sous le sceau et/ou la signature de l’auteur', null);
INSERT INTO main.acte_type (id, label, description) VALUES (3, 'Actes privés sous le/les sceaux d’autorités locales', null);
INSERT INTO main.acte_type (id, label, description) VALUES (4, 'Administration centrale', null);
INSERT INTO main.acte_type (id, label, description) VALUES (5, 'Administration locale', null);
INSERT INTO main.acte_type (id, label, description) VALUES (6, 'Chapitre cathédral', null);
INSERT INTO main.acte_type (id, label, description) VALUES (7, 'Documents comptables, financiers et fiscaux', null);
INSERT INTO main.acte_type (id, label, description) VALUES (8, 'Documents de gestion domaniale', null);
INSERT INTO main.acte_type (id, label, description) VALUES (9, 'Documents féodaux', null);
INSERT INTO main.acte_type (id, label, description) VALUES (10, 'Documents judiciaires', null);
INSERT INTO main.acte_type (id, label, description) VALUES (11, 'Evêque', null);
INSERT INTO main.acte_type (id, label, description) VALUES (12, 'Juridiction gracieuse ecclésiastique', null);
INSERT INTO main.acte_type (id, label, description) VALUES (13, 'Juridiction gracieuse laïque', null);
INSERT INTO main.acte_type (id, label, description) VALUES (14, 'Juridiction gracieuse municipale', null);
INSERT INTO main.acte_type (id, label, description) VALUES (15, 'Légat', null);
INSERT INTO main.acte_type (id, label, description) VALUES (16, 'Notaire public', null);
INSERT INTO main.acte_type (id, label, description) VALUES (17, 'Notariats traditionnels', null);
INSERT INTO main.acte_type (id, label, description) VALUES (18, 'Notices', null);
INSERT INTO main.acte_type (id, label, description) VALUES (19, 'Pape', null);
INSERT INTO main.acte_type (id, label, description) VALUES (20, 'Prince, comte…', null);
INSERT INTO main.acte_type (id, label, description) VALUES (21, 'Souverain', null);
